slug,commonName,scientificName,sources,image,imageCredit,imageLicense,toxicity,plantType
fittonia-albivenis,Nerve Plant,Fittonia albivenis,https://en.wikipedia.org/wiki/Fittonia_albivenis|https://powo.science.kew.org/results?q=Fittonia%20albivenis|https://plants.ces.ncsu.edu/plants/fittonia-albivenis/|https://www.rhs.org.uk/plants/details?plantid=6745,plants/fittonia-albivenis.png,,,,foliage
selaginella-uncinata,Rainbow Moss,Selaginella uncinata,https://en.wikipedia.org/wiki/Selaginella_uncinata|https://powo.science.kew.org/results?q=Selaginella%20uncinata|https://plants.ces.ncsu.edu/plants/selaginella-uncinata/,plants/selaginella-uncinata.png,,,,fern-ally
taxiphyllum-barbieri,Java Moss,Taxiphyllum barbieri,https://en.wikipedia.org/wiki/Taxiphyllum_barbieri|https://powo.science.kew.org/results?q=Taxiphyllum%20barbieri|https://plants.ces.ncsu.edu/plants/taxiphyllum-barbieri/|https://aquariumbreeder.com/java-moss-care-guide-planting-growing-and-propagation/,plants/taxiphyllum-barbieri.png,,,,moss
soleirolia-soleirolii,Baby Tears,Soleirolia soleirolii,https://en.wikipedia.org/wiki/Soleirolia_soleirolii|https://powo.science.kew.org/results?q=Soleirolia%20soleirolii|https://plants.ces.ncsu.edu/plants/soleirolia-soleirolii/,plants/soleirolia-soleirolii.png,"Krzysztof Ziarnek, Kenraiz / Wikimedia Commons",CC-BY-SA-4.0,,ground-cover
pellionia-repens,Trailing Watermelon Begonia,Pellionia repens,https://en.wikipedia.org/wiki/Pellionia_repens|https://powo.science.kew.org/results?q=Pellionia%20repens|https://plants.ces.ncsu.edu/plants/pellionia-repens/|https://www.gardenia.net/plant/pellionia-repens-trailing-watermelon-begonia-grow-care-guide,plants/pellionia-repens.png,,,,vine
maranta-leuconeura,Prayer Plant,Maranta leuconeura,https://en.wikipedia.org/wiki/Maranta_leuconeura|https://powo.science.kew.org/results?q=Maranta%20leuconeura|https://plants.ces.ncsu.edu/plants/maranta-leuconeura/|https://www.gardenia.net/plant/maranta-leuconeura-prayer-plant-grow-care-tips,plants/maranta-leuconeura.png,,,,foliage
calathea-ornata,Pinstripe Calathea,Calathea ornata,https://en.wikipedia.org/wiki/Calathea_ornata|https://powo.science.kew.org/results?q=Calathea%20ornata|https://plants.ces.ncsu.edu/plants/calathea-ornata/,plants/calathea-ornata.png,,,,foliage
hypoestes-phyllostachya,Polka Dot Plant,Hypoestes phyllostachya,https://en.wikipedia.org/wiki/Hypoestes_phyllostachya|https://powo.science.kew.org/results?q=Hypoestes%20phyllostachya|https://plants.ces.ncsu.edu/plants/hypoestes-phyllostachya/|https://hort.extension.wisc.edu/articles/polka-dot-plant-hypoestes-phyllostachya/,plants/hypoestes-phyllostachya.png,,,,foliage
adiantum-raddianum,Maidenhair Fern,Adiantum raddianum,https://en.wikipedia.org/wiki/Adiantum_raddianum|https://powo.science.kew.org/results?q=Adiantum%20raddianum|https://plants.ces.ncsu.edu/plants/adiantum-raddianum/,plants/adiantum-raddianum.png,,,,fern
asplenium-nidus,Bird's Nest Fern,Asplenium nidus,https://en.wikipedia.org/wiki/Asplenium_nidus|https://powo.science.kew.org/results?q=Asplenium%20nidus|https://plants.ces.ncsu.edu/plants/asplenium-nidus/,plants/asplenium-nidus.png,,,,fern
pilea-involucrata,Friendship Plant,Pilea involucrata,https://en.wikipedia.org/wiki/Pilea_involucrata|https://powo.science.kew.org/results?q=Pilea%20involucrata|https://plants.ces.ncsu.edu/plants/pilea-involucrata/,plants/pilea-involucrata.png,,,,foliage
microsorum-pteropus,Java Fern,Microsorum pteropus,https://en.wikipedia.org/wiki/Microsorum_pteropus|https://powo.science.kew.org/results?q=Microsorum%20pteropus|https://plants.ces.ncsu.edu/plants/microsorum-pteropus/|https://www.theaquariumwiki.com/wiki/Microsorum_pteropus,plants/microsorum-pteropus.png,,,,fern
episcia-cupreata,Flame Violet,Episcia cupreata,https://en.wikipedia.org/wiki/Episcia_cupreata|https://powo.science.kew.org/results?q=Episcia%20cupreata|https://plants.ces.ncsu.edu/plants/episcia-cupreata/|https://www.gardenia.net/plant/episcia-cupreata-flame-violet-grow-care-guide,plants/episcia-cupreata.png,,,,foliage
philodendron-hederaceum-mini,Heartleaf Philodendron (mini),Philodendron hederaceum,https://en.wikipedia.org/wiki/Philodendron_hederaceum|https://powo.science.kew.org/results?q=Philodendron%20hederaceum|https://plants.ces.ncsu.edu/plants/philodendron-hederaceum/,plants/philodendron-hederaceum-mini.png,,,"Contains insoluble calcium oxalate crystals — chewing or ingesting causes intense mouth and throat irritation, drooling, and vomiting in pets and people. Keep away from curious pets and children.",aroid
miniature-orchid,Miniature Orchid,Lepanthes telipogoniflora,https://en.wikipedia.org/wiki/Lepanthes_telipogoniflora|https://powo.science.kew.org/results?q=Lepanthes%20telipogoniflora|https://plants.ces.ncsu.edu/plants/lepanthes-telipogoniflora/,plants/miniature-orchid.png,,,,orchid
peperomia-caperata,Emerald Ripple Peperomia,Peperomia caperata,https://en.wikipedia.org/wiki/Peperomia_caperata|https://powo.science.kew.org/results?q=Peperomia%20caperata|https://plants.ces.ncsu.edu/plants/peperomia-caperata/|https://www.gardenia.net/plant/peperomia-caperata-emerald-ripple-peperomia,plants/peperomia-caperata.png,,,,foliage
peperomia-rotundifolia,Creeping Buttons,Peperomia rotundifolia,https://en.wikipedia.org/wiki/Peperomia_rotundifolia|https://powo.science.kew.org/results?q=Peperomia%20rotundifolia|https://plants.ces.ncsu.edu/plants/peperomia-rotundifolia/|https://terrariumtribe.com/terrarium-plants/peperomia-rotundifolia-trailing-jade/,plants/peperomia-rotundifolia.png,,,,vine
cryptanthus-bivittatus,Earth Star Bromeliad,Cryptanthus bivittatus,https://en.wikipedia.org/wiki/Cryptanthus_bivittatus|https://powo.science.kew.org/results?q=Cryptanthus%20bivittatus|https://plants.ces.ncsu.edu/plants/cryptanthus-bivittatus/,plants/cryptanthus-bivittatus.png,,,Leaf edges are finely serrated and can scratch skin during handling; wear gloves when working close to the plant.,bromeliad
ophiopogon-japonicus-mini,Dwarf Mondo Grass,Ophiopogon japonicus 'Nana',https://en.wikipedia.org/wiki/Ophiopogon_japonicus|https://powo.science.kew.org/results?q=Ophiopogon%20japonicus|https://plants.ces.ncsu.edu/plants/ophiopogon-japonicus/|https://plants.ces.ncsu.edu/plants/ophiopogon-japonicus-nana/,plants/ophiopogon-japonicus-mini.png,,,,foliage
syngonium-podophyllum-mini,Arrowhead Plant (mini),Syngonium podophyllum,https://en.wikipedia.org/wiki/Syngonium_podophyllum|https://powo.science.kew.org/results?q=Syngonium%20podophyllum|https://plants.ces.ncsu.edu/plants/syngonium-podophyllum/,plants/syngonium-podophyllum-mini.png,,,Foliage and sap carry calcium oxalate crystals; ingestion irritates the mouth and digestive tract and the sap can irritate skin. Toxic to cats and dogs. See more information on the NCSU page.,aroid
syngonium-podophyllum,Arrowhead Plant,Syngonium podophyllum,https://en.wikipedia.org/wiki/Syngonium_podophyllum|https://powo.science.kew.org/results?q=Syngonium%20podophyllum|https://plants.ces.ncsu.edu/plants/syngonium-podophyllum/,plants/syngonium-podophyllum.png,,,Foliage and sap carry calcium oxalate crystals; ingestion irritates the mouth and digestive tract and the sap can irritate skin. Toxic to cats and dogs. See more information on the NCSU page.,aroid
pilea-nummulariifolia,Creeping Charlie,Pilea nummulariifolia,https://en.wikipedia.org/wiki/Pilea_nummulariifolia|https://powo.science.kew.org/results?q=Pilea%20nummulariifolia|https://plants.ces.ncsu.edu/plants/pilea-nummulariifolia/,plants/pilea-nummulariifolia.png,,,,ground-cover
begonia-rex,Rex Begonia,Begonia rex-cultorum,https://en.wikipedia.org/wiki/Begonia_rex-cultorum|https://powo.science.kew.org/results?q=Begonia%20rex-cultorum|https://plants.ces.ncsu.edu/plants/begonia-rex-cultorum/,plants/begonia-rex.png,,,"Begonias contain soluble calcium oxalates, most concentrated in the tubers; ingestion can cause mouth irritation, drooling, and vomiting in cats and dogs.",begonia
haworthia-attenuata,Zebra Haworthia,Haworthia attenuata,https://en.wikipedia.org/wiki/Haworthia_attenuata|https://powo.science.kew.org/results?q=Haworthia%20attenuata|https://plants.ces.ncsu.edu/plants/haworthia-attenuata/|https://www.gardenia.net/plant/haworthiopsis-attenuata-zebra-haworthia,plants/haworthia-attenuata.png,,,,succulent
echeveria-elegans,Mexican Snowball,Echeveria elegans,https://en.wikipedia.org/wiki/Echeveria_elegans|https://powo.science.kew.org/results?q=Echeveria%20elegans|https://plants.ces.ncsu.edu/plants/echeveria-elegans/,plants/echeveria-elegans.png,,,,succulent
sedum-rubrotinctum,Jelly Bean Plant,Sedum rubrotinctum,https://en.wikipedia.org/wiki/Sedum_rubrotinctum|https://powo.science.kew.org/results?q=Sedum%20rubrotinctum|https://plants.ces.ncsu.edu/plants/sedum-rubrotinctum/|https://www.rhs.org.uk/plants/16987/sedum-rubrotinctum/details,plants/sedum-rubrotinctum.png,,,The sap can cause skin irritation in sensitive individuals. Mildly toxic to cats and dogs if ingested; may cause vomiting.,succulent
crassula-ovata-mini,Mini Jade Plant,Crassula ovata (dwarf cultivar),https://en.wikipedia.org/wiki/Crassula_ovata|https://powo.science.kew.org/results?q=Crassula%20ovata|https://plants.ces.ncsu.edu/plants/crassula-ovata/,plants/crassula-ovata-mini.png,,,"Jade is toxic to cats and dogs; ingestion can cause vomiting, lethargy, and incoordination. Keep away from pets.",succulent
pilea-peperomioides,Chinese Money Plant,Pilea peperomioides,https://en.wikipedia.org/wiki/Pilea_peperomioides|https://powo.science.kew.org/results?q=Pilea%20peperomioides|https://plants.ces.ncsu.edu/plants/pilea-peperomioides/,plants/pilea-peperomioides.png,,,,foliage
tradescantia-fluminensis,Wandering Dude,Tradescantia fluminensis,https://en.wikipedia.org/wiki/Tradescantia_fluminensis|https://powo.science.kew.org/results?q=Tradescantia%20fluminensis|https://plants.ces.ncsu.edu/plants/tradescantia-fluminensis/,plants/tradescantia-fluminensis.png,,,The sap causes contact dermatitis in pets and can irritate sensitive skin in people; ingestion may cause mild digestive upset. Listed toxic to cats and dogs.,vine
leucobryum-glaucum,Cushion Moss,Leucobryum glaucum,https://en.wikipedia.org/wiki/Leucobryum_glaucum|https://powo.science.kew.org/results?q=Leucobryum%20glaucum|https://ohiomosslichen.org/moss-leucobryum-glaucum/|https://terrariumtribe.com/terrarium-plants/leucobryum-glaucum-cushion-moss/,plants/leucobryum-glaucum.png,,,,moss
fissidens-fontanus,Pocket Moss,Fissidens fontanus,https://en.wikipedia.org/wiki/Fissidens_fontanus|https://powo.science.kew.org/results?q=Fissidens%20fontanus|https://plants.ces.ncsu.edu/plants/fissidens-fontanus/|https://www.aquariadise.com/fissidens-fontanus/,plants/fissidens-fontanus.png,,,,moss
davallia-fejeensis,Rabbit's Foot Fern,Davallia fejeensis,https://en.wikipedia.org/wiki/Davallia_fejeensis|https://powo.science.kew.org/results?q=Davallia%20fejeensis|https://plants.ces.ncsu.edu/plants/davallia-fejeensis/,plants/davallia-fejeensis.png,,,,fern
asplenium-bulbiferum,Mother Spleenwort,Asplenium bulbiferum,https://en.wikipedia.org/wiki/Asplenium_bulbiferum|https://powo.science.kew.org/results?q=Asplenium%20bulbiferum|https://plants.ces.ncsu.edu/plants/asplenium-bulbiferum/,plants/asplenium-bulbiferum.png,,,,fern
peperomia-argyreia,Watermelon Peperomia,Peperomia argyreia,https://en.wikipedia.org/wiki/Peperomia_argyreia|https://powo.science.kew.org/results?q=Peperomia%20argyreia|https://plants.ces.ncsu.edu/plants/peperomia-argyreia/|https://www.gardenia.net/plant/peperomia-argyreia-watermelon-peperomia,plants/peperomia-argyreia.png,,,,foliage
peperomia-obtusifolia,Baby Rubber Plant,Peperomia obtusifolia,https://en.wikipedia.org/wiki/Peperomia_obtusifolia|https://powo.science.kew.org/results?q=Peperomia%20obtusifolia|https://plants.ces.ncsu.edu/plants/peperomia-obtusifolia/,plants/peperomia-obtusifolia.png,,,,foliage
bucephalandra-sp-mini,Mini Bucephalandra,Bucephalandra sp.,https://en.wikipedia.org/wiki/Bucephalandra|https://powo.science.kew.org/results?q=Bucephalandra|https://plants.ces.ncsu.edu/plants/bucephalandra/|https://aquariumbreeder.com/bucephalandra-care-guide-planting-growing-and-propagation/,plants/bucephalandra-sp-mini.png,,,,aroid
anubias-nana-petite,Anubias Petite,Anubias barteri var. nana 'Petite',https://en.wikipedia.org/wiki/Anubias_barteri_var._nana|https://powo.science.kew.org/results?q=Anubias%20barteri|https://tropica.com/en/plants/plantdetails/Anubiasbarteri'Petite'(101HCLP)/30576|https://www.aquariadise.com/anubias-nana-petite/,plants/anubias-nana-petite.png,,,Contains calcium oxalate crystals; ingestion can cause mouth irritation and digestive upset. Mildly toxic to cats and dogs.,aroid
hydrocotyle-tripartita,Dwarf Pennywort,Hydrocotyle tripartita,https://en.wikipedia.org/wiki/Hydrocotyle_tripartita|https://powo.science.kew.org/results?q=Hydrocotyle%20tripartita|https://plants.ces.ncsu.edu/plants/hydrocotyle-tripartita/|https://www.aquarzon.com/foreground/183-carpeting-japanese-dwarf-pennywort-hydrocotyle-tripartita-sp-japan.html,plants/hydrocotyle-tripartita.png,,,,ground-cover
pilea-glauca,Silver Sparkle Pilea,Pilea glauca,https://en.wikipedia.org/wiki/Pilea_glauca|https://powo.science.kew.org/results?q=Pilea%20glauca|https://plants.ces.ncsu.edu/plants/pilea-glauca/|https://terrariumtribe.com/terrarium-plants/pilea-glauca/,plants/pilea-glauca.png,,,,ground-cover
epipremnum-pinnatum-mini,Miniature Pothos,Epipremnum pinnatum,https://en.wikipedia.org/wiki/Epipremnum_pinnatum|https://powo.science.kew.org/results?q=Epipremnum%20pinnatum|https://plants.ces.ncsu.edu/plants/epipremnum-pinnatum/,plants/epipremnum-pinnatum-mini.png,,,"Pothos contains insoluble calcium oxalates; ingestion causes oral irritation, drooling, and vomiting. Toxic to cats and dogs.",aroid
ludwigia-repens,Creeping Primrose-Willow,Ludwigia repens,https://en.wikipedia.org/wiki/Ludwigia_repens|https://powo.science.kew.org/results?q=Ludwigia%20repens|https://plants.ces.ncsu.edu/plants/ludwigia-repens/,plants/ludwigia-repens.png,,,,foliage
vesicularia-dubyana,Java Moss,Vesicularia dubyana,https://en.wikipedia.org/wiki/Vesicularia_dubyana,plants/vesicularia-dubyana.png,,,,moss
soleirolia-soleirolii-minor,Miniature Baby Tears,Soleirolia soleirolii 'Minor',https://en.wikipedia.org/wiki/Soleirolia_soleirolii|https://powo.science.kew.org/results?q=Soleirolia%20soleirolii|https://plants.ces.ncsu.edu/plants/soleirolia-soleirolii/,plants/soleirolia-soleirolii-minor.png,,,,ground-cover
rhipsalis-baccifera,Mistletoe Cactus,Rhipsalis baccifera,https://en.wikipedia.org/wiki/Rhipsalis_baccifera|https://powo.science.kew.org/results?q=Rhipsalis%20baccifera|https://plants.ces.ncsu.edu/plants/rhipsalis-baccifera/,plants/rhipsalis-baccifera.png,,,,succulent
drosera-capensis,Cape Sundew,Drosera capensis,https://en.wikipedia.org/wiki/Drosera_capensis|https://powo.science.kew.org/results?q=Drosera%20capensis|https://plants.ces.ncsu.edu/plants/drosera/,plants/drosera-capensis.png,,,,carnivorous
nepenthes-ventricosa,Tropical Pitcher Plant,Nepenthes ventricosa,https://en.wikipedia.org/wiki/Nepenthes_ventricosa|https://powo.science.kew.org/results?q=Nepenthes%20ventricosa|https://plants.ces.ncsu.edu/plants/nepenthes-ventricosa/,plants/nepenthes-ventricosa.png,,,,carnivorous
pinguicula-moranensis,Mexican Butterwort,Pinguicula moranensis,https://en.wikipedia.org/wiki/Pinguicula_moranensis|https://powo.science.kew.org/results?q=Pinguicula%20moranensis|https://plants.ces.ncsu.edu/plants/pinguicula-moranensis/,plants/pinguicula-moranensis.png,,,,carnivorous
nephrolepis-duffii,Lemon Button Fern,Nephrolepis cordifolia 'Duffii',https://en.wikipedia.org/wiki/Nephrolepis_cordifolia|https://powo.science.kew.org/results?q=Nephrolepis%20cordifolia|https://plants.ces.ncsu.edu/plants/nephrolepis-cordifolia/|https://terrariumtribe.com/terrarium-plants/nephrolepis-cordifolia-duffii-lemon-button-fern/,plants/nephrolepis-duffii.png,,,,fern
pteris-cretica,Silver Lace Fern,Pteris cretica,https://en.wikipedia.org/wiki/Pteris_cretica|https://powo.science.kew.org/results?q=Pteris%20cretica|https://plants.ces.ncsu.edu/plants/pteris-cretica/,plants/pteris-cretica.png,,,,fern
microsorum-musifolium,Crocodile Fern,Microsorum musifolium,https://en.wikipedia.org/wiki/Microsorum_musifolium|https://powo.science.kew.org/results?q=Microsorum%20musifolium|https://plants.ces.ncsu.edu/plants/microsorum-musifolium/,plants/microsorum-musifolium.png,,,,fern
selaginella-kraussiana,Golden Clubmoss,Selaginella kraussiana 'Aurea',https://en.wikipedia.org/wiki/Selaginella_kraussiana|https://powo.science.kew.org/results?q=Selaginella%20kraussiana|https://plants.ces.ncsu.edu/plants/selaginella-kraussiana/,plants/selaginella-kraussiana.png,,,,fern-ally
hypnum-moss,Sheet Moss,Hypnum cupressiforme,https://en.wikipedia.org/wiki/Hypnum_cupressiforme|https://powo.science.kew.org/results?q=Hypnum%20cupressiforme|https://plants.ces.ncsu.edu/plants/hypnum-cupressiforme/|https://terrariumtribe.com/terrarium-plants/hypnum-cupressiforme-sheet-moss/,plants/hypnum-moss.png,,,,moss
dicranum-scoparium,Mood Moss,Dicranum scoparium,https://en.wikipedia.org/wiki/Dicranum_scoparium|https://powo.science.kew.org/results?q=Dicranum%20scoparium|https://plants.ces.ncsu.edu/plants/dicranum-scoparium/|https://ohiomosslichen.org/moss-dicranum-scoparium/,plants/dicranum-scoparium.png,,,,moss
rhaphidophora-tetrasperma,Mini Monstera,Rhaphidophora tetrasperma,https://en.wikipedia.org/wiki/Rhaphidophora_tetrasperma|https://powo.science.kew.org/results?q=Rhaphidophora%20tetrasperma|https://plants.ces.ncsu.edu/plants/rhaphidophora-tetrasperma/,plants/rhaphidophora-tetrasperma.png,,,An aroid containing calcium oxalate crystals; ingestion irritates the mouth and digestive tract. Toxic to cats and dogs.,aroid
anthurium-scandens,Anthurium,Anthurium scandens,https://en.wikipedia.org/wiki/Anthurium_scandens|https://powo.science.kew.org/results?q=Anthurium%20scandens|https://plants.ces.ncsu.edu/plants/anthurium/,plants/anthurium-scandens.png,,,An aroid containing calcium oxalate crystals; sap can irritate skin and ingestion irritates the mouth and gut. Toxic to cats and dogs.,aroid
spathiphyllum-wallisii,Peace Lily,Spathiphyllum wallisii,https://en.wikipedia.org/wiki/Spathiphyllum_wallisii|https://powo.science.kew.org/results?q=Spathiphyllum%20wallisii|https://plants.ces.ncsu.edu/plants/spathiphyllum-wallisii/|https://www.bloomingexpert.com/tips/peace-lily/spathiphyllum-care-guide/,plants/spathiphyllum-wallisii.png,,,Peace lily contains insoluble calcium oxalate crystals; ingestion irritates the mouth and throat and causes drooling and vomiting. Toxic to cats and dogs.,aroid
begonia-pavonina,Peacock Begonia,Begonia pavonina,https://en.wikipedia.org/wiki/Begonia_pavonina|https://powo.science.kew.org/results?q=Begonia%20pavonina|https://plants.ces.ncsu.edu/plants/begonia-pavonina/,plants/begonia-pavonina.png,,,"Begonias contain soluble calcium oxalates, most concentrated in the tubers; ingestion can cause mouth irritation, drooling, and vomiting in cats and dogs.",begonia
begonia-maculata,Polka Dot Begonia,Begonia maculata,https://en.wikipedia.org/wiki/Begonia_maculata|https://powo.science.kew.org/results?q=Begonia%20maculata|https://plants.ces.ncsu.edu/plants/begonia-maculata/,plants/begonia-maculata.png,,,"Begonias contain soluble calcium oxalates, most concentrated in the tubers; ingestion can cause mouth irritation, drooling, and vomiting in cats and dogs.",begonia
aeschynanthus-radicans,Lipstick Plant,Aeschynanthus radicans,https://en.wikipedia.org/wiki/Aeschynanthus_radicans|https://powo.science.kew.org/results?q=Aeschynanthus%20radicans|https://plants.ces.ncsu.edu/plants/aeschynanthus-radicans/|https://www.gardenersworld.com/house-plants/lipstick-plant-aeschynanthus/,plants/aeschynanthus-radicans.png,,,,foliage
streptocarpus-hybrid,Cape Primrose,Streptocarpus hybridus,https://en.wikipedia.org/wiki/Streptocarpus|https://powo.science.kew.org/results?q=Streptocarpus%20hybridus|https://plants.ces.ncsu.edu/plants/streptocarpus/,plants/streptocarpus-hybrid.png,,,,foliage
senecio-rowleyanus,String of Pearls,Curio rowleyanus,https://en.wikipedia.org/wiki/Curio_rowleyanus|https://powo.science.kew.org/results?q=Curio%20rowleyanus|https://plants.ces.ncsu.edu/plants/curio-rowleyanus/|https://hort.extension.wisc.edu/articles/string-of-pearls-senecio-rowleyanus/,plants/senecio-rowleyanus.png,,,"String of pearls is toxic if ingested — causing drooling, vomiting, and lethargy in pets — and the sap can irritate skin. Mildly toxic to people.",succulent
lithops-sp,Living Stones,Lithops sp.,https://en.wikipedia.org/wiki/Lithops|https://powo.science.kew.org/results?q=Lithops|https://plants.ces.ncsu.edu/plants/lithops/,plants/lithops-sp.png,,,Considered mildly toxic if ingested in quantity; may cause digestive upset in cats and dogs.,succulent
mammillaria-gracilis,Thimble Cactus,Mammillaria gracilis,https://en.wikipedia.org/wiki/Mammillaria_gracilis|https://powo.science.kew.org/results?q=Mammillaria%20gracilis|https://plants.ces.ncsu.edu/plants/mammillaria-gracilis/,plants/mammillaria-gracilis.png,,,"Dense fine spines and hooked centrals embed in skin easily and are painful to remove; handle with tongs or a folded paper collar, not bare hands.",succulent
sedum-morganianum,Burro's Tail,Sedum morganianum,https://en.wikipedia.org/wiki/Sedum_morganianum|https://powo.science.kew.org/results?q=Sedum%20morganianum|https://plants.ces.ncsu.edu/plants/sedum-morganianum/,plants/sedum-morganianum.png,,,Mildly toxic to cats and dogs; ingestion may cause vomiting and diarrhea.,succulent
ficus-pumila,Creeping Fig,Ficus pumila,https://en.wikipedia.org/wiki/Ficus_pumila|https://powo.science.kew.org/results?q=Ficus%20pumila|https://plants.ces.ncsu.edu/plants/ficus-pumila/,plants/ficus-pumila.png,,,Ficus sap (a milky latex) can irritate skin and the mouth; ingestion may cause mild digestive upset. Toxic to cats and dogs.,vine
saxifraga-stolonifera,Strawberry Begonia,Saxifraga stolonifera,https://en.wikipedia.org/wiki/Saxifraga_stolonifera|https://powo.science.kew.org/results?q=Saxifraga%20stolonifera|https://plants.ces.ncsu.edu/plants/saxifraga-stolonifera/,plants/saxifraga-stolonifera.png,,,,ground-cover
pilea-cadierei,Aluminum Plant,Pilea cadierei,https://en.wikipedia.org/wiki/Pilea_cadierei|https://powo.science.kew.org/results?q=Pilea%20cadierei|https://plants.ces.ncsu.edu/plants/pilea-cadierei/,plants/pilea-cadierei.png,,,,foliage
tradescantia-zebrina,Inch Plant,Tradescantia zebrina,https://en.wikipedia.org/wiki/Tradescantia_zebrina|https://powo.science.kew.org/results?q=Tradescantia%20zebrina|https://plants.ces.ncsu.edu/plants/tradescantia-zebrina/,plants/tradescantia-zebrina.png,,,The sap causes contact dermatitis in pets and can irritate sensitive skin in people; ingestion may cause mild digestive upset. Listed toxic to cats and dogs.,vine
macodes-petola,Lightning Bolt Orchid,Macodes petola,https://en.wikipedia.org/wiki/Macodes_petola|https://powo.science.kew.org/results?q=Macodes%20petola|https://www.gardenia.net/plant/macodes-petola-jewel-orchid-grow-care-guide,plants/macodes-petola.png,,,,orchid
ludisia-discolor,Black Jewel Orchid,Ludisia discolor,https://en.wikipedia.org/wiki/Ludisia_discolor|https://powo.science.kew.org/results?q=Ludisia%20discolor|https://plants.ces.ncsu.edu/plants/ludisia-discolor/|https://www.ukhouseplants.com/plants/jewel-orchid-ludisia-discolor,plants/ludisia-discolor.png,,,,orchid
peperomia-prostrata,String of Turtles,Peperomia prostrata,https://en.wikipedia.org/wiki/Peperomia_prostrata|https://powo.science.kew.org/results?q=Peperomia%20prostrata|https://plants.ces.ncsu.edu/plants/peperomia-prostrata/,plants/peperomia-prostrata.png,,,,foliage
scindapsus-pictus-argyraeus,Satin Pothos,Scindapsus pictus 'Argyraeus',https://en.wikipedia.org/wiki/Scindapsus_pictus|https://powo.science.kew.org/results?q=Scindapsus%20pictus|https://plants.ces.ncsu.edu/plants/scindapsus-pictus/,plants/scindapsus-pictus-argyraeus.png,,,Contains calcium oxalate crystals; causes oral irritation and digestive upset if ingested. Toxic to cats and dogs.,vine
asparagus-setaceus,Asparagus Fern,Asparagus setaceus,https://en.wikipedia.org/wiki/Asparagus_setaceus|https://powo.science.kew.org/results?q=Asparagus%20setaceus|https://plants.ces.ncsu.edu/plants/asparagus-setaceus/,plants/asparagus-setaceus.png,,,Berries are toxic to pets if ingested; repeated contact with fine foliage can cause skin irritation. Toxic to cats and dogs.,foliage
pellaea-rotundifolia,Button Fern,Pellaea rotundifolia,https://en.wikipedia.org/wiki/Pellaea_rotundifolia|https://powo.science.kew.org/results?q=Pellaea%20rotundifolia|https://plants.ces.ncsu.edu/plants/pellaea-rotundifolia/|https://www.gardenia.net/plant/pellaea-rotundifolia-button-fern,plants/pellaea-rotundifolia.png,,,,fern
chamaedorea-elegans,Parlor Palm,Chamaedorea elegans,https://en.wikipedia.org/wiki/Chamaedorea_elegans|https://powo.science.kew.org/results?q=Chamaedorea%20elegans|https://plants.ces.ncsu.edu/plants/chamaedorea-elegans/,plants/chamaedorea-elegans.png,,,,foliage
biophytum-sensitivum,Little Tree Plant,Biophytum sensitivum,https://en.wikipedia.org/wiki/Biophytum_sensitivum|https://powo.science.kew.org/results?q=Biophytum%20sensitivum|https://www.gardenia.net/plant/biophytum-sensitivum-little-tree-plant-grow-care-guide,plants/biophytum-sensitivum.png,,,,foliage
tillandsia-ionantha,Air Plant,Tillandsia ionantha,https://en.wikipedia.org/wiki/Tillandsia_ionantha|https://powo.science.kew.org/results?q=Tillandsia%20ionantha|https://plants.ces.ncsu.edu/plants/tillandsia-ionantha/,plants/tillandsia-ionantha.png,,,,
neoregelia-hybrid-liliputiana,Miniature Neoregelia,Neoregelia hybrid 'Liliputiana',https://en.wikipedia.org/wiki/Neoregelia|https://powo.science.kew.org/results?q=Neoregelia,plants/neoregelia-hybrid-liliputiana.png,,,Leaf tips are sharp and margins have fine teeth; handle with care to avoid scratches.,bromeliad
marcgravia-rectiflora,Shingle Plant,Marcgravia rectiflora,https://en.wikipedia.org/wiki/Marcgravia|https://powo.science.kew.org/results?q=Marcgravia%20rectiflora,plants/marcgravia-rectiflora.png,,,,vine
dischidia-ruscifolia,Million Hearts Plant,Dischidia ruscifolia,https://en.wikipedia.org/wiki/Dischidia_ruscifolia|https://powo.science.kew.org/results?q=Dischidia%20ruscifolia,plants/dischidia-ruscifolia.png,,,,vine
ficus-pumila-panama,Panama Creeping Fig,Ficus pumila 'Panama',https://en.wikipedia.org/wiki/Ficus_pumila|https://powo.science.kew.org/results?q=Ficus%20pumila|https://glassboxtropicals.com/ficus-sp-panama/,plants/ficus-pumila-panama.png,,,Ficus sap (a milky latex) can irritate skin and the mouth; ingestion may cause mild digestive upset. Toxic to cats and dogs.,vine
rhaphidophora-hayi,Shingle Vine,Rhaphidophora hayi,https://en.wikipedia.org/wiki/Rhaphidophora_hayi|https://powo.science.kew.org/results?q=Rhaphidophora%20hayi,plants/rhaphidophora-hayi.png,,,"An aroid containing insoluble calcium oxalate crystals; ingestion causes oral irritation, drooling, and vomiting. Toxic to cats and dogs.",aroid
hemionitis-arifolia,Heart Fern,Hemionitis arifolia,https://en.wikipedia.org/wiki/Hemionitis_arifolia|https://powo.science.kew.org/results?q=Hemionitis%20arifolia|https://plants.ces.ncsu.edu/plants/hemionitis-arifolia/,plants/hemionitis-arifolia.png,,,,fern
microsorum-thailandicum,Blue Oil Fern,Microsorum thailandicum,https://en.wikipedia.org/wiki/Microsorum|https://powo.science.kew.org/results?q=Microsorum%20thailandicum,plants/microsorum-thailandicum.png,,,,fern
nephrolepis-exaltata-fluffy-ruffles,Fluffy Ruffles Fern,Nephrolepis exaltata 'Fluffy Ruffles',https://en.wikipedia.org/wiki/Nephrolepis_exaltata|https://powo.science.kew.org/results?q=Nephrolepis%20exaltata|https://plants.ces.ncsu.edu/plants/nephrolepis-exaltata/|https://www.foliage-factory.com/nephrolepis-exaltata-fluffy-ruffles,plants/nephrolepis-exaltata-fluffy-ruffles.png,,,,fern
peperomia-orba-pixie-lime,Pixie Lime Peperomia,Peperomia orba 'Pixie Lime',https://en.wikipedia.org/wiki/Peperomia_orba|https://powo.science.kew.org/results?q=Peperomia%20orba,plants/peperomia-orba-pixie-lime.png,,,,foliage
peperomia-albovittata-piccolo-banda,Piccolo Banda Peperomia,Peperomia albovittata 'Piccolo Banda',https://powo.science.kew.org/results?q=Peperomia%20albovittata,plants/peperomia-albovittata-piccolo-banda.png,,,,foliage
begonia-amphioxus,Butterfly Begonia,Begonia amphioxus,https://en.wikipedia.org/wiki/Begonia_amphioxus|https://powo.science.kew.org/results?q=Begonia%20amphioxus,plants/begonia-amphioxus.png,,,"Begonias contain soluble calcium oxalates, most concentrated in the tubers; ingestion can cause mouth irritation, drooling, and vomiting in cats and dogs.",begonia
begonia-schulzei,Oak Leaf Miniature Begonia,Begonia schulzei,https://powo.science.kew.org/results?q=Begonia%20schulzei,plants/begonia-schulzei.png,,,"Begonias contain soluble calcium oxalates, most concentrated in the tubers; ingestion can cause mouth irritation, drooling, and vomiting in cats and dogs.",begonia
alocasia-reginula-black-velvet,Black Velvet Alocasia,Alocasia reginula 'Black Velvet',https://en.wikipedia.org/wiki/Alocasia_reginula|https://powo.science.kew.org/results?q=Alocasia%20reginula|https://www.growalocasia.com/alocasia-black-velvet.html,plants/alocasia-reginula-black-velvet.png,,,"An aroid containing insoluble calcium oxalate crystals. All parts are toxic if ingested, causing oral irritation, drooling, and vomiting. Toxic to cats and dogs.",aroid
hyophila-involuta,Star Moss,Hyophila involuta,https://en.wikipedia.org/wiki/Hyophila_involuta|https://powo.science.kew.org/results?q=Hyophila%20involuta|https://ohiomosslichen.org/moss-hyophila-involuta/|https://www.nzpcn.org.nz/flora/species/hyophila-involuta/,plants/hyophila-involuta.png,,,,moss
selaginella-apoda,Meadow Spikemoss,Selaginella apoda,https://en.wikipedia.org/wiki/Selaginella_apoda|https://powo.science.kew.org/results?q=Selaginella%20apoda|https://plants.ces.ncsu.edu/plants/selaginella-apoda/,plants/selaginella-apoda.png,,,,fern-ally
portulacaria-afra,Elephant Bush,Portulacaria afra,https://en.wikipedia.org/wiki/Portulacaria_afra|https://powo.science.kew.org/results?q=Portulacaria%20afra|https://plants.ces.ncsu.edu/plants/portulacaria-afra/,plants/portulacaria-afra.png,,,,succulent
alocasia-baginda-silver-dragon,Silver Dragon Alocasia,Alocasia baginda 'Silver Dragon',https://en.wikipedia.org/wiki/Alocasia_baginda|https://powo.science.kew.org/results?q=Alocasia%20baginda,plants/alocasia-baginda-silver-dragon.png,,,Contains calcium oxalate crystals; causes mouth and throat irritation if ingested. Toxic to cats and dogs.,aroid
alocasia-amazonica-bambino,Bambino Alocasia,Alocasia × amazonica 'Bambino',https://en.wikipedia.org/wiki/Alocasia_%C3%97_amazonica|https://powo.science.kew.org/results?q=Alocasia%20amazonica,plants/alocasia-amazonica-bambino.png,,,Contains calcium oxalate crystals; causes mouth and throat irritation if ingested. Toxic to cats and dogs.,aroid
alocasia-maharani-grey-dragon,Grey Dragon Alocasia,Alocasia maharani 'Grey Dragon',https://en.wikipedia.org/wiki/Alocasia|https://powo.science.kew.org/results?q=Alocasia%20maharani,plants/alocasia-maharani-grey-dragon.png,,,Contains calcium oxalate crystals; causes mouth and throat irritation if ingested. Toxic to cats and dogs.,aroid
thuidium-delicatulum,Fern Moss,Thuidium delicatulum,https://en.wikipedia.org/wiki/Thuidium_delicatulum|https://powo.science.kew.org/results?q=Thuidium%20delicatulum|https://ohiomosslichen.org/moss-thuidium-delicatulum/|https://terrariumtribe.com/terrarium-plants/thuidium-delicatulum-fern-moss/,plants/thuidium-delicatulum.png,,,,moss
acorus-chacosekisho,Chacosekisho Sweet Flag,Acorus gramineus 'Chacosekisho',https://powo.science.kew.org/results?q=Acorus%20gramineus|https://en.wikipedia.org/wiki/Acorus_gramineus,plants/acorus-chacosekisho.png,,,"The rhizome of Acorus species contains beta-asarone, a compound toxic in large doses; avoid ingesting any part and keep away from pets.",foliage
hemigraphis-alternata,Purple Waffle Plant,Hemigraphis alternata,https://powo.science.kew.org/results?q=Hemigraphis%20alternata|https://en.wikipedia.org/wiki/Hemigraphis_alternata|https://costafarms.com/blogs/plant-finder/purple-waffle-plant,plants/hemigraphis-alternata.png,,,,ground-cover
hygrophila-pinnatifida,Hygrophila Pinnatifida,Hygrophila pinnatifida,https://powo.science.kew.org/results?q=Hygrophila%20pinnatifida,plants/hygrophila-pinnatifida.png,,,,foliage
ruellia-makoyana,Monkey Plant,Ruellia makoyana,https://powo.science.kew.org/results?q=Ruellia%20makoyana,plants/ruellia-makoyana.png,,,,foliage
strobilanthes-dyerianus,Persian Shield,Strobilanthes dyerianus,https://powo.science.kew.org/results?q=Strobilanthes%20dyerianus|https://en.wikipedia.org/wiki/Strobilanthes_dyerianus,plants/strobilanthes-dyerianus.png,,,,foliage
ceropegia-woodii,String of Hearts,Ceropegia woodii,https://powo.science.kew.org/results?q=Ceropegia%20woodii|https://en.wikipedia.org/wiki/Ceropegia_woodii,plants/ceropegia-woodii.png,,,"Mildly toxic if ingested, particularly the corm; may cause digestive upset in cats and dogs.",succulent
ceropegia-woodii-string-of-spades,String of Spades,Ceropegia woodii (String of Spades form),https://powo.science.kew.org/results?q=Ceropegia%20woodii|https://en.wikipedia.org/wiki/Ceropegia_woodii,plants/ceropegia-woodii-string-of-spades.png,,,"Mildly toxic if ingested, particularly the corm; may cause digestive upset in cats and dogs.",succulent
alocasia-dragon-scale,Dragon Scale Alocasia,Alocasia baginda 'Dragon Scale',https://powo.science.kew.org/results?q=Alocasia%20baginda,plants/alocasia-dragon-scale.png,,,"Contains insoluble calcium oxalate crystals; all parts are toxic if ingested, causing oral pain, drooling, and vomiting. Toxic to cats and dogs.",aroid
anubias-hastifolia,Hastifolia Anubias,Anubias hastifolia,https://powo.science.kew.org/results?q=Anubias%20hastifolia,plants/anubias-hastifolia.png,,,Contains calcium oxalate crystals; ingestion can cause mouth irritation and digestive upset. Mildly toxic to cats and dogs.,aroid
epipremnum-aureum-global-green,Global Green Pothos,Epipremnum aureum 'Global Green',https://powo.science.kew.org/results?q=Epipremnum%20aureum|https://en.wikipedia.org/wiki/Epipremnum_aureum,plants/epipremnum-aureum-global-green.png,,,"Contains insoluble calcium oxalates; ingestion causes oral irritation, drooling, and vomiting. Toxic to cats and dogs.",aroid
philodendron-burle-marx-fantasy,Burle Marx Fantasy Philodendron,Philodendron 'Burle Marx Fantasy',https://powo.science.kew.org/results?q=Philodendron,plants/philodendron-burle-marx-fantasy.png,,,"Contains insoluble calcium oxalate crystals; chewing or ingesting any part causes mouth and throat irritation, drooling, and vomiting. Toxic to cats and dogs.",aroid
philodendron-verrucosum,Velvet Leaf Philodendron,Philodendron verrucosum,https://powo.science.kew.org/results?q=Philodendron%20verrucosum|https://en.wikipedia.org/wiki/Philodendron_verrucosum,plants/philodendron-verrucosum.png,,,"Contains insoluble calcium oxalate crystals; chewing or ingesting any part causes mouth and throat irritation, drooling, and vomiting. Toxic to cats and dogs.",aroid
philodendron-verrucosum-mini,Mini Velvet Leaf Philodendron,Philodendron verrucosum 'Mini',https://powo.science.kew.org/results?q=Philodendron%20verrucosum,plants/philodendron-verrucosum-mini.png,,,"Contains insoluble calcium oxalate crystals; chewing or ingesting any part causes mouth and throat irritation, drooling, and vomiting. Toxic to cats and dogs.",aroid
philodendron-wend-imbe,Wend-Imbe Philodendron,Philodendron 'Wend-Imbe',https://powo.science.kew.org/results?q=Philodendron,plants/philodendron-wend-imbe.png,,,"Contains insoluble calcium oxalate crystals; chewing or ingesting any part causes mouth and throat irritation, drooling, and vomiting. Toxic to cats and dogs.",aroid
rhaphidophora-cryptantha,Shingle Plant,Rhaphidophora cryptantha,https://powo.science.kew.org/results?q=Rhaphidophora%20cryptantha,plants/rhaphidophora-cryptantha.png,,,"An aroid containing insoluble calcium oxalate crystals; ingestion causes oral irritation, drooling, and vomiting. Toxic to cats and dogs.",aroid
syngonium-albo,Albo Variegated Arrowhead Plant,Syngonium podophyllum 'Albo',https://powo.science.kew.org/results?q=Syngonium%20podophyllum|https://en.wikipedia.org/wiki/Syngonium_podophyllum,plants/syngonium-albo.png,,,Foliage and sap carry calcium oxalate crystals; ingestion irritates the mouth and digestive tract and the sap can irritate skin. Toxic to cats and dogs.,aroid
syngonium-rayii,Silver Goosefoot Plant,Syngonium rayii,https://powo.science.kew.org/results?q=Syngonium%20rayii,plants/syngonium-rayii.png,,,Foliage and sap carry calcium oxalate crystals; ingestion irritates the mouth and digestive tract and the sap can irritate skin. Toxic to cats and dogs.,aroid
begonia-baik,Begonia baik,Begonia baik,https://powo.science.kew.org/results?q=Begonia%20baik,plants/begonia-baik.png,,,"Begonias contain soluble calcium oxalates, most concentrated in the tubers; ingestion can cause mouth irritation, drooling, and vomiting in cats and dogs.",begonia
begonia-bipinnatifida,Fern-leaf Begonia,Begonia bipinnatifida,https://powo.science.kew.org/results?q=Begonia%20bipinnatifida,plants/begonia-bipinnatifida.png,,,"Begonias contain soluble calcium oxalates, most concentrated in the tubers; ingestion can cause mouth irritation, drooling, and vomiting in cats and dogs.",begonia
begonia-cleopatrae,Cleopatra Begonia,Begonia cleopatrae,https://powo.science.kew.org/results?q=Begonia%20cleopatrae|https://plants.ces.ncsu.edu/plants/begonia-cleopatrae/,plants/begonia-cleopatrae.png,,,"Begonias contain soluble calcium oxalates, most concentrated in the tubers; ingestion can cause mouth irritation, drooling, and vomiting in cats and dogs.",begonia
begonia-conchifolia,Pond Lily Begonia,Begonia conchifolia,https://powo.science.kew.org/results?q=Begonia%20conchifolia|https://www.fuchsia-delhommeau.com/begonia-conchifolia-1.html,plants/begonia-conchifolia.png,,,"Begonias contain soluble calcium oxalates, most concentrated in the tubers; ingestion can cause mouth irritation, drooling, and vomiting in cats and dogs.",begonia
begonia-dodsoni,Dodson's Begonia,Begonia dodsoni,https://powo.science.kew.org/results?q=Begonia%20dodsoni,plants/begonia-dodsoni.png,,,"Begonias contain soluble calcium oxalates, most concentrated in the tubers; ingestion can cause mouth irritation, drooling, and vomiting in cats and dogs.",begonia
begonia-elaeagnifolia,Elaeagnus-leaf Begonia,Begonia elaeagnifolia,https://powo.science.kew.org/results?q=Begonia%20elaeagnifolia,plants/begonia-elaeagnifolia.png,,,"Begonias contain soluble calcium oxalates, most concentrated in the tubers; ingestion can cause mouth irritation, drooling, and vomiting in cats and dogs.",begonia
begonia-foliosa-var-foliosa,Fern-leaf Begonia,Begonia foliosa var. foliosa,https://powo.science.kew.org/results?q=Begonia%20foliosa,plants/begonia-foliosa-var-foliosa.png,,,"Begonias contain soluble calcium oxalates, most concentrated in the tubers; ingestion can cause mouth irritation, drooling, and vomiting in cats and dogs.",begonia
begonia-glabra-bronze,Bronze Climbing Begonia,Begonia glabra 'Bronze',https://powo.science.kew.org/results?q=Begonia%20glabra,plants/begonia-glabra-bronze.png,,,"Begonias contain soluble calcium oxalates, most concentrated in the tubers; ingestion can cause mouth irritation, drooling, and vomiting in cats and dogs.",begonia
begonia-longiciliata-sizemoreae,Fringed Begonia Sizemoreae,Begonia longiciliata 'Sizemoreae',https://powo.science.kew.org/results?q=Begonia%20longiciliata,plants/begonia-longiciliata-sizemoreae.png,,,"Begonias contain soluble calcium oxalates, most concentrated in the tubers; ingestion can cause mouth irritation, drooling, and vomiting in cats and dogs.",begonia
begonia-luzonensis,Luzon Begonia,Begonia luzonensis,https://powo.science.kew.org/results?q=Begonia%20luzonensis,plants/begonia-luzonensis.png,,,"Begonias contain soluble calcium oxalates, most concentrated in the tubers; ingestion can cause mouth irritation, drooling, and vomiting in cats and dogs.",begonia
begonia-manaus,Manaus Begonia,Begonia manaus,https://powo.science.kew.org/results?q=Begonia%20manaus,plants/begonia-manaus.png,,,"Begonias contain soluble calcium oxalates, most concentrated in the tubers; ingestion can cause mouth irritation, drooling, and vomiting in cats and dogs.",begonia
begonia-maurandiae-blue,Blue Maurandiae Begonia,Begonia maurandiae 'Blue',https://powo.science.kew.org/results?q=Begonia%20maurandiae,plants/begonia-maurandiae-blue.png,yakovlev.alexey / Wikimedia Commons,CC-BY-SA-2.0,"Begonias contain soluble calcium oxalates, most concentrated in the tubers; ingestion can cause mouth irritation, drooling, and vomiting in cats and dogs.",begonia
begonia-prismatocarpa,Prism-fruit Begonia,Begonia prismatocarpa,https://powo.science.kew.org/results?q=Begonia%20prismatocarpa|https://glassboxtropicals.com/begonia-prismatocarpa/,plants/begonia-prismatocarpa.png,,,"Begonias contain soluble calcium oxalates, most concentrated in the tubers; ingestion can cause mouth irritation, drooling, and vomiting in cats and dogs.",begonia
begonia-pustulata,Blister Begonia,Begonia pustulata,https://powo.science.kew.org/results?q=Begonia%20pustulata|https://lizplants.com/grow/begonia-pustulata,plants/begonia-pustulata.png,Raimond Spekking / Wikimedia Commons,CC-BY-SA-4.0,"Begonias contain soluble calcium oxalates, most concentrated in the tubers; ingestion can cause mouth irritation, drooling, and vomiting in cats and dogs.",begonia
begonia-raja,Raja Begonia,Begonia raja,https://powo.science.kew.org/results?q=Begonia%20raja,plants/begonia-raja.png,,,"Begonias contain soluble calcium oxalates, most concentrated in the tubers; ingestion can cause mouth irritation, drooling, and vomiting in cats and dogs.",begonia
begonia-soli-mutata,Sun-changing Begonia,Begonia soli-mutata,https://powo.science.kew.org/results?q=Begonia%20soli-mutata|https://www.gardenia.net/plant/begonia-soli-mutata,plants/begonia-soli-mutata.png,,,"Begonias contain soluble calcium oxalates, most concentrated in the tubers; ingestion can cause mouth irritation, drooling, and vomiting in cats and dogs.",begonia
begonia-sutherlandii-saunders-legacy,Saunders Legacy Begonia,Begonia sutherlandii 'Saunders Legacy',https://powo.science.kew.org/results?q=Begonia%20sutherlandii|https://www.rhs.org.uk/plants/524402/begonia-sutherlandii-saunders-s-legacy-(t)/details,plants/begonia-sutherlandii-saunders-legacy.png,,,"Begonias contain soluble calcium oxalates, most concentrated in the tubers; ingestion can cause mouth irritation, drooling, and vomiting in cats and dogs.",begonia
begonia-turrialbae,Turrialba Begonia,Begonia turrialbae,https://powo.science.kew.org/results?q=Begonia%20turrialbae|https://growtropicals.com/products/begonia-turrialbae,plants/begonia-turrialbae.png,,,"Begonias contain soluble calcium oxalates, most concentrated in the tubers; ingestion can cause mouth irritation, drooling, and vomiting in cats and dogs.",begonia
begonia-variabilis,Variable Begonia,Begonia variabilis,https://powo.science.kew.org/results?q=Begonia%20variabilis,plants/begonia-variabilis.png,,,"Begonias contain soluble calcium oxalates, most concentrated in the tubers; ingestion can cause mouth irritation, drooling, and vomiting in cats and dogs.",begonia
cryptanthus-absolute-zero,Absolute Zero Earth Star,Cryptanthus 'Absolute Zero',https://powo.science.kew.org/results?q=Cryptanthus|https://en.wikipedia.org/wiki/Cryptanthus|https://www.chicagobotanic.org/plant-information/plant-finder/cryptanthus-absolute-zero-absolute-zero-earth-star,plants/cryptanthus-absolute-zero.png,,CC0,Leaf edges are finely serrated and can scratch skin during handling; wear gloves when working close to the plant.,bromeliad
neoregelia-fireball,Fireball Neoregelia,Neoregelia 'Fireball',https://powo.science.kew.org/results?q=Neoregelia|https://terrariumtribe.com/terrarium-plants/neoregelia-fireball/,plants/neoregelia-fireball.png,,,Leaf tips are sharp and margins have fine teeth; handle with care to avoid scratches.,bromeliad
geogenanthus-poeppigii,Seersucker Plant,Geogenanthus poeppigii,https://powo.science.kew.org/results?q=Geogenanthus%20poeppigii|https://plantlust.com/plants/58164/geogenanthus-poeppigii/,plants/geogenanthus-poeppigii.png,,,,foliage
eleocharis-radicans,Dwarf Hair Grass,Eleocharis radicans,https://powo.science.kew.org/results?q=Eleocharis%20radicans,plants/eleocharis-radicans.png,,,,ground-cover
drosera-adelae,Lance-Leaf Sundew,Drosera adelae,https://powo.science.kew.org/results?q=Drosera%20adelae|https://en.wikipedia.org/wiki/Drosera_adelae,plants/drosera-adelae.png,,,,carnivorous
drosera-spatulata,Spoon-Leaf Sundew,Drosera spatulata,https://powo.science.kew.org/results?q=Drosera%20spatulata|https://en.wikipedia.org/wiki/Drosera_spatulata,plants/drosera-spatulata.png,,,,carnivorous
equisetum-bogotense,Andean Horsetail,Equisetum bogotense,https://powo.science.kew.org/results?q=Equisetum%20bogotense|https://en.wikipedia.org/wiki/Equisetum_bogotense,plants/equisetum-bogotense.png,,,Stems have sharp silica ridges; the plant also contains alkaloids that are toxic to livestock and may cause digestive upset in pets if eaten in quantity.,fern-ally
aeschynanthus-longicaulis-black-pagoda,Black Pagoda Lipstick Plant,Aeschynanthus longicaulis 'Black Pagoda',https://powo.science.kew.org/results?q=Aeschynanthus%20longicaulis,plants/aeschynanthus-longicaulis-black-pagoda.png,,,,foliage
alsobia-dianthiflora,Lace Flower Vine,Alsobia dianthiflora,https://powo.science.kew.org/results?q=Alsobia%20dianthiflora|https://plants.ces.ncsu.edu/plants/alsobia-dianthiflora/,plants/alsobia-dianthiflora.png,,,,foliage
codonanthe-carnosa,Codonanthe,Codonanthe carnosa,https://powo.science.kew.org/results?q=Codonanthe%20carnosa,plants/codonanthe-carnosa.png,,,,foliage
codonanthe-digna,Codonanthe Digna,Codonanthe digna,https://powo.science.kew.org/results?q=Codonanthe%20digna,plants/codonanthe-digna.png,,,,foliage
deinostigma-tamiana,Miniature Chirita,Deinostigma tamiana,https://powo.science.kew.org/results?q=Deinostigma%20tamiana|https://www.pumpkinbeth.com/2020/10/growing-deinostigma-tamiana,plants/deinostigma-tamiana.png,,,,foliage
episcia-chocolate-velvet,Chocolate Velvet Flame Violet,Episcia 'Chocolate Velvet',https://powo.science.kew.org/results?q=Episcia,plants/episcia-chocolate-velvet.png,,,,foliage
episcia-lilacina,Lilacina Flame Violet,Episcia 'Lilacina',https://powo.science.kew.org/results?q=Episcia,plants/episcia-lilacina.png,,,,foliage
episcia-silver-dust,Silver Dust Flame Violet,Episcia 'Silver Dust',https://powo.science.kew.org/results?q=Episcia,plants/episcia-silver-dust.png,,,,foliage
paradrymonia-campostyla-suriname,Paradrymonia,Paradrymonia campostyla,https://powo.science.kew.org/results?q=Paradrymonia%20campostyla,plants/paradrymonia-campostyla-suriname.png,,,,foliage
sinningia-freckles,Freckles Miniature Sinningia,Sinningia 'Freckles',https://powo.science.kew.org/results?q=Sinningia|https://glassboxtropicals.com/sinningia-freckles/,plants/sinningia-freckles.png,,,,foliage
sinningia-prudence-risley,Prudence Risley Miniature Sinningia,Sinningia 'Prudence Risley',https://powo.science.kew.org/results?q=Sinningia,plants/sinningia-prudence-risley.png,,,,foliage
crepidomanes-minutum,Minute Filmy Fern,Crepidomanes minutum,https://powo.science.kew.org/results?q=Crepidomanes%20minutum|https://www.anotherworldterraria.com/plants/crepidomanes-minutum/,plants/crepidomanes-minutum.png,,,,fern
pogostemon-deccanensis,Indian Pogostemon,Pogostemon deccanensis,https://powo.science.kew.org/results?q=Pogostemon%20deccanensis,plants/pogostemon-deccanensis.png,,,,foliage
monolena-primulaeflora-red,Red Monolena,Monolena primulaeflora 'Red',https://powo.science.kew.org/results?q=Monolena+primulaeflora,plants/monolena-primulaeflora-red.png,,,,foliage
sonerila-cantonensis-vietnam,Vietnam Sonerila,Sonerila cantonensis,https://powo.science.kew.org/results?q=Sonerila+cantonensis|https://siamgreenculture.com/store/p436/Soneriladongii.html,plants/sonerila-cantonensis-vietnam.png,,,,foliage
ficus-thunbergii,Thunberg's Fig,Ficus thunbergii,https://powo.science.kew.org/results?q=Ficus+thunbergii,plants/ficus-thunbergii.png,,,Ficus sap (a milky latex) can irritate skin and mucous membranes; ingestion may cause mild digestive upset. Toxic to cats and dogs.,foliage
ficus-vaccinioides,Berry-Leaf Creeping Fig,Ficus vaccinioides,https://powo.science.kew.org/results?q=Ficus+vaccinioides,plants/ficus-vaccinioides.png,chiuluan / easyscape.com,,Ficus sap (a milky latex) can irritate skin and mucous membranes; ingestion may cause mild digestive upset. Toxic to cats and dogs.,ground-cover
ficus-vilosa,Velvet Creeping Fig,Ficus villosa,https://powo.science.kew.org/results?q=Ficus+villosa,plants/ficus-vilosa.png,,,Ficus sap (a milky latex) can irritate skin and mucous membranes; ingestion may cause mild digestive upset. Toxic to cats and dogs.,vine
ficus-punctata,Spotted Fig,Ficus punctata,https://powo.science.kew.org/results?q=Ficus+punctata,plants/ficus-punctata.png,,,Ficus sap (a milky latex) can irritate skin and mucous membranes; ingestion may cause mild digestive upset. Toxic to cats and dogs.,vine
ficus-pumila-snowflake,Snowflake Creeping Fig,Ficus pumila 'Snowflake',https://powo.science.kew.org/results?q=Ficus+pumila|https://en.wikipedia.org/wiki/Ficus_pumila|https://www.hortmag.com/plants-we-love-2/snowflake-ficus-is-an-easy-and-cheerful-small-houseplant,plants/ficus-pumila-snowflake.png,,,Ficus sap (a milky latex) can irritate skin and mucous membranes; ingestion may cause mild digestive upset. Toxic to cats and dogs.,vine
micranthemum-tweedei,Monte Carlo,Micranthemum tweedei,https://powo.science.kew.org/results?q=Micranthemum+tweedei|https://aquariumbreeder.com/monte-carlo-plant-care-guide-planting-growing-and-propagation/,plants/micranthemum-tweedei.png,,,,ground-cover
anoectochilus-albolineatus,Silver-Veined Jewel Orchid,Anoectochilus albolineatus,https://powo.science.kew.org/results?q=Anoectochilus+albolineatus,plants/anoectochilus-albolineatus.png,,,,orchid
anoectochilus-formosanus,Formosan Jewel Orchid,Anoectochilus formosanus,https://powo.science.kew.org/results?q=Anoectochilus+formosanus|https://en.wikipedia.org/wiki/Anoectochilus_formosanus|https://www.laforestaorchids.com/products/anoectochilus-formosanus,plants/anoectochilus-formosanus.png,,,,orchid
masdevallia-auropurpurea,Gold-Purple Masdevallia,Masdevallia auropurpurea,https://powo.science.kew.org/results?q=Masdevallia+auropurpurea,plants/masdevallia-auropurpurea.png,,,,orchid
masdevallia-floribunda,Floriferous Masdevallia,Masdevallia floribunda,https://powo.science.kew.org/results?q=Masdevallia+floribunda,plants/masdevallia-floribunda.png,,,,orchid
masdevallia-nidifica,Nest Masdevallia,Masdevallia nidifica,https://powo.science.kew.org/results?q=Masdevallia+nidifica,plants/masdevallia-nidifica.png,,,,orchid
pleurothallis-grobyi,Groby's Pleurothallis,Pleurothallis grobyi,https://powo.science.kew.org/results?q=Pleurothallis+grobyi|https://en.wikipedia.org/wiki/Pleurothallis_grobyi|https://kawamotoorchids.com/products/pleurothallis-grobyi-super-miniature-orchid-easy-to-grow-and-bloom-cute,plants/pleurothallis-grobyi.png,,,,orchid
pleurothallis-rubella,Red Pleurothallis,Pleurothallis rubella,https://powo.science.kew.org/results?q=Pleurothallis+rubella,plants/pleurothallis-rubella.png,,,,orchid
restrepia-lansburghi,Lansburg's Restrepia,Restrepia lansburgii,https://powo.science.kew.org/results?q=Restrepia+lansburgii|https://www.orchids.org/grexes/restrepia-muscifera,plants/restrepia-lansburghi.png,,,,orchid
restrepia-muscifera,Fly-Trap Restrepia,Restrepia muscifera,https://powo.science.kew.org/results?q=Restrepia+muscifera|https://www.aos.org/orchids/orchids-a-to-z/letter-r/restrepia.aspx,plants/restrepia-muscifera.png,,,,orchid
scaphosepalum-dodsoni,Dodson's Scaphosepalum,Scaphosepalum dodsoni,https://powo.science.kew.org/results?q=Scaphosepalum+dodsoni,plants/scaphosepalum-dodsoni.png,,,,orchid
stelis-argentata,Silver Stelis,Stelis argentata,https://powo.science.kew.org/results?q=Stelis+argentata,plants/stelis-argentata.png,,,,orchid
bulbophyllum-intersitum,Bulbophyllum Intersitum,Bulbophyllum intersitum,https://powo.science.kew.org/results?q=Bulbophyllum+intersitum,plants/bulbophyllum-intersitum.png,,,,orchid
cirrhopetalum-farreri,Farrer's Cirrhopetalum,Bulbophyllum farreri,https://powo.science.kew.org/results?q=Bulbophyllum+farreri,plants/cirrhopetalum-farreri.png,,,,orchid
haerella-odorata,Fragrant Haraella,Haraella odorata,https://powo.science.kew.org/results?q=Haraella+odorata|https://en.wikipedia.org/wiki/Haraella_odorata,plants/haerella-odorata.png,,,,orchid
peperomia-angulata,Beetle Peperomia,Peperomia angulata,https://powo.science.kew.org/results?q=Peperomia+angulata,plants/peperomia-angulata.png,Assianir / Wikimedia Commons,CC-BY-SA-3.0,,foliage
peperomia-emarginella,Notched-Leaf Peperomia,Peperomia emarginella,https://powo.science.kew.org/results?q=Peperomia+emarginella|https://www.araflora.com/product/peperomia-emarginella/,plants/peperomia-emarginella.png,,,,ground-cover
peperomia-guttalata,Raindrop Peperomia,Peperomia guttulata,https://powo.science.kew.org/results?q=Peperomia+guttulata,plants/peperomia-guttalata.png,,,,foliage
peperomia-puteolata,Parallel Peperomia,Peperomia puteolata,https://powo.science.kew.org/results?q=Peperomia+puteolata|https://houseplantsexpert.com/peperomia-puteolata.html,plants/peperomia-puteolata.png,,,,foliage
peperomia-rubella,Itsy-Bitsy Peperomia,Peperomia rubella,https://powo.science.kew.org/results?q=Peperomia+rubella|https://foliagefriend.com/peperomia-rubella-vs-verticillata/,plants/peperomia-rubella.png,,,,ground-cover
peperomia-serpens,Vining Peperomia,Peperomia serpens,https://powo.science.kew.org/results?q=Peperomia+serpens,plants/peperomia-serpens.png,,,,vine
peperomia-trinervis,Three-Veined Peperomia,Peperomia trinervis,https://powo.science.kew.org/results?q=Peperomia+trinervis|https://houseplants.studleys.com/product/trinervula-peperomia/,plants/peperomia-trinervis.png,,,,foliage
peperomia-verticillata-red-log,Red Log Peperomia,Peperomia verticillata 'Red Log',https://powo.science.kew.org/results?q=Peperomia+verticillata|https://hortology.co.uk/products/peperomia-verticillata-red-log,plants/peperomia-verticillata-red-log.png,,,,foliage
piper-crocatum,Ornate Pepper Vine,Piper crocatum,https://powo.science.kew.org/results?q=Piper+crocatum|https://en.wikipedia.org/wiki/Piper_crocatum,plants/piper-crocatum.png,,,The sap contains irritant compounds; wash hands after handling and avoid touching eyes or mucous membranes.,vine
sphagnum-palustre,Sphagnum Moss,Sphagnum palustre,https://en.wikipedia.org/wiki/Sphagnum_palustre|https://powo.science.kew.org/results?q=Sphagnum+palustre,plants/sphagnum-palustre.png,,,,moss
vesicularia-ferriei,Weeping Moss,Vesicularia ferriei,https://en.wikipedia.org/wiki/Vesicularia_ferriei|https://powo.science.kew.org/results?q=Vesicularia+ferriei,plants/vesicularia-ferriei.png,,,,moss
lemmaphyllum-microphyllum,Coin-Leaf Fern,Lemmaphyllum microphyllum,https://powo.science.kew.org/results?q=Lemmaphyllum+microphyllum|https://www.fancyfrondsnursery.com/ferns/bean-fern-lemmaphyllum-microphyllum,plants/lemmaphyllum-microphyllum.png,,,,fern
pleopeltis-percussa,Wart Fern,Pleopeltis percussa,https://powo.science.kew.org/results?q=Pleopeltis+percussa,plants/pleopeltis-percussa.png,,,,fern
pyrrosia-nummularifolia,Coin-Leaf Tongue Fern,Pyrrosia nummularifolia,https://powo.science.kew.org/results?q=Pyrrosia+nummularifolia|https://www.rhs.org.uk/plants/14219/creeping-button-fern/details,plants/pyrrosia-nummularifolia.png,,,,fern
actiniopteris-australis,Palm Fern,Actiniopteris australis,https://powo.science.kew.org/results?q=Actiniopteris+australis|https://terrariumtribe.com/terrarium-plants/eyelash-fern-actiniopteris-australis/,plants/actiniopteris-australis.png,,,,fern
hatiora-salicornioides,Dancing Bones Cactus,Hatiora salicornioides,https://powo.science.kew.org/results?q=Hatiora+salicornioides|https://en.wikipedia.org/wiki/Hatiora_salicornioides,plants/hatiora-salicornioides.png,,,"May cause mild digestive upset (vomiting, diarrhea) if ingested by cats or dogs.",succulent
muehlenbeckia-complexa,Wire Vine,Muehlenbeckia complexa,https://powo.science.kew.org/results?q=Muehlenbeckia+complexa|https://en.wikipedia.org/wiki/Muehlenbeckia_complexa,plants/muehlenbeckia-complexa.png,,,The small berries can cause digestive upset if ingested by pets or children; keep flowering or fruiting plants away from curious pets.,vine
muehlenbeckia-complexa-variegated,Variegated Wire Vine,Muehlenbeckia complexa 'Variegated',https://powo.science.kew.org/results?q=Muehlenbeckia+complexa,plants/muehlenbeckia-complexa-variegated.png,,,The small berries can cause digestive upset if ingested by pets or children; keep flowering or fruiting plants away from curious pets.,vine
selaginella-erythropus-sanguinea,Red Spike Moss,Selaginella erythropus 'Sanguinea',https://powo.science.kew.org/results?q=Selaginella+erythropus|https://shop.glassaqua.com/products/selaginella-erythropus-sanguinea,plants/selaginella-erythropus-sanguinea.png,,,,ground-cover
selaginella-martensii-watsoniana,Silver-Tipped Spike Moss,Selaginella martensii 'Watsoniana',https://powo.science.kew.org/results?q=Selaginella+martensii|https://plantlust.com/plants/41958/selaginella-martensii-watsoniana/,plants/selaginella-martensii-watsoniana.png,,,,ground-cover
pilea-libanensis-aquamarine,Aquamarine Artillery Plant,Pilea libanensis 'Aquamarine',https://powo.science.kew.org/results?q=Pilea+libanensis|https://www.evergreenseeds.com/pilea-glauca/,plants/pilea-libanensis-aquamarine.png,,,,ground-cover
pilea-pubescens-silver-cloud,Silver Cloud Pilea,Pilea pubescens 'Silver Cloud',https://powo.science.kew.org/results?q=Pilea+pubescens,plants/pilea-pubescens-silver-cloud.png,,,,foliage
pilea-spruceana,Silver Tree Pilea,Pilea spruceana,https://powo.science.kew.org/results?q=Pilea+spruceana|https://www.gardenia.net/plant/pilea-spruceana-silver-tree-pilea-grow-care-tips,plants/pilea-spruceana.png,,,,foliage
procris-pulchra,Beautiful Procris,Procris pulchra,https://powo.science.kew.org/results?q=Procris+pulchra,plants/procris-pulchra.png,,,,foliage
cissus-amazonicus,Amazon Jungle Vine,Cissus amazonica,https://powo.science.kew.org/results?q=Cissus+amazonica,plants/cissus-amazonicus.png,,,The sap can cause contact dermatitis in sensitive individuals; wear gloves when pruning or repotting.,vine
cissus-discolor,Rex Begonia Vine,Cissus discolor,https://powo.science.kew.org/results?q=Cissus+discolor|https://en.wikipedia.org/wiki/Cissus_discolor,plants/cissus-discolor.png,,,The sap can cause contact dermatitis in sensitive individuals; wear gloves when pruning or repotting.,vine
